<?xml version="1.0" encoding="UTF-8"?>
<project-private xmlns="http://www.netbeans.org/ns/project-private/1">
    <editor-bookmarks xmlns="http://www.netbeans.org/ns/editor-bookmarks/2" lastBookmarkId="0"/>
    <open-files xmlns="http://www.netbeans.org/ns/projectui-open-files/2">
        <group>
            <file>file:/E:/Developments/Eclipse_New_temp/project_2015/src/s1/SenderGUI.java</file>
            <file>file:/E:/Developments/Eclipse_New_temp/project_2015/src/s1/f1.java</file>
        </group>
    </open-files>
</project-private>
